Serial Number,Country,Total Cases,Total Deaths,Total Recovered,Active Cases,Total Test,Population
1,USA," 10,41,96,861.00 "," 11,32,935.00 "," 10,13,22,779.00 "," 17,41,147.00 "," 1,15,98,32,679.00 "," 33,48,05,269.00 "
2,India," 4,46,82,784.00 "," 5,30,740.00 "," 4,41,50,289.00 "," 1,755.00 "," 91,52,65,788.00 "," 1,40,66,31,776.00 "
3,France," 3,95,24,311.00 "," 1,64,233.00 "," 3,92,64,546.00 "," 95,532.00 "," 27,14,90,188.00 "," 6,55,84,518.00 "
4,Germany," 3,77,79,833.00 "," 1,65,711.00 "," 3,73,98,100.00 "," 2,16,022.00 "," 12,23,32,384.00 "," 8,38,83,596.00 "
5,Brazil," 3,68,24,580.00 "," 6,97,074.00 "," 3,59,19,372.00 "," 2,08,134.00 "," 6,37,76,166.00 "," 21,53,53,593.00 "
6,Japan," 3,25,88,442.00 "," 68,399.00 "," 2,15,67,425.00 "," 1,09,52,618.00 "," 9,21,44,639.00 "," 12,55,84,838.00 "
7,S. Korea," 3,01,97,066.00 "," 33,486.00 "," 2,97,40,877.00 "," 4,22,703.00 "," 1,58,04,065.00 "," 5,13,29,899.00 "
8,Italy," 2,54,53,789.00 "," 1,86,833.00 "," 2,50,14,986.00 "," 2,51,970.00 "," 26,54,78,247.00 "," 6,02,62,770.00 "
9,UK," 2,42,74,361.00 "," 2,04,171.00 "," 2,40,20,088.00 "," 50,102.00 "," 52,25,26,476.00 "," 6,84,97,907.00 "
10,Russia," 2,19,58,696.00 "," 3,95,108.00 "," 2,13,56,008.00 "," 2,07,580.00 "," 27,34,00,000.00 "," 14,58,05,947.00 "
11,Turkey," 1,70,42,722.00 "," 1,01,492.00 ", N/A , N/A ," 16,27,43,369.00 "," 8,55,61,976.00 "
12,Spain," 1,37,31,478.00 "," 1,18,434.00 "," 1,35,57,699.00 "," 55,345.00 "," 47,10,36,328.00 "," 4,67,19,142.00 "
13,Vietnam," 1,15,26,508.00 "," 43,186.00 "," 1,06,12,479.00 "," 8,70,843.00 "," 8,58,26,548.00 "," 9,89,53,541.00 "
14,Australia," 1,12,95,446.00 "," 18,615.00 "," 1,12,35,771.00 "," 41,060.00 "," 7,88,35,048.00 "," 2,60,68,792.00 "
15,Argentina," 1,00,37,135.00 "," 1,30,421.00 "," 98,77,032.00 "," 29,682.00 "," 3,57,16,069.00 "," 4,60,10,234.00 "
16,Taiwan," 95,69,611.00 "," 16,356.00 "," 91,29,766.00 "," 4,23,489.00 "," 3,02,07,485.00 "," 2,38,88,595.00 "
17,Netherlands," 85,82,500.00 "," 22,989.00 "," 85,47,771.00 "," 11,740.00 "," 2,59,84,435.00 "," 1,72,11,447.00 "
18,Iran," 75,64,350.00 "," 1,44,749.00 "," 73,37,549.00 "," 82,052.00 "," 5,44,20,785.00 "," 8,60,22,837.00 "
19,Mexico," 73,68,252.00 "," 3,32,198.00 "," 66,06,633.00 "," 4,29,421.00 "," 1,93,56,195.00 "," 13,15,62,772.00 "
20,Indonesia," 67,30,289.00 "," 1,60,817.00 "," 65,65,208.00 "," 4,264.00 "," 11,41,58,919.00 "," 27,91,34,505.00 "
21,Poland," 63,80,225.00 "," 1,18,736.00 "," 53,35,940.00 "," 9,25,549.00 "," 3,81,18,630.00 "," 3,77,39,785.00 "
22,Colombia," 63,56,309.00 "," 1,42,486.00 "," 61,79,501.00 "," 34,322.00 "," 3,69,51,507.00 "," 5,15,12,762.00 "
23,Austria," 57,80,229.00 "," 21,689.00 "," 57,30,189.00 "," 28,351.00 "," 21,12,73,524.00 "," 90,66,710.00 "
24,Greece," 57,08,301.00 "," 35,630.00 "," 56,62,212.00 "," 10,459.00 "," 10,22,28,365.00 "," 1,03,16,637.00 "
25,Portugal," 55,63,907.00 "," 26,022.00 "," 55,32,366.00 "," 5,519.00 "," 4,59,15,651.00 "," 1,01,40,570.00 "
26,Ukraine," 53,70,131.00 "," 1,11,020.00 "," 52,53,302.00 "," 5,809.00 "," 3,26,03,805.00 "," 4,31,92,122.00 "
27,Chile," 51,18,981.00 "," 63,812.00 "," 50,51,555.00 "," 3,614.00 "," 4,81,27,301.00 "," 1,92,50,195.00 "
28,Malaysia," 50,36,593.00 "," 36,942.00 "," 49,89,861.00 "," 9,790.00 "," 6,76,65,089.00 "," 3,31,81,072.00 "
29,Israel," 47,86,189.00 "," 12,193.00 "," 47,68,242.00 "," 5,754.00 "," 4,13,73,364.00 "," 93,26,000.00 "
30,DPRK," 47,72,813.00 ", 74.00 ," 47,72,739.00 ", -   ,," 2,59,90,679.00 "
31,Thailand," 47,26,984.00 "," 33,865.00 "," 46,92,636.00 ", 483.00 ," 1,72,70,775.00 "," 7,00,78,203.00 "
32,Belgium," 46,91,499.00 "," 33,557.00 "," 46,44,681.00 "," 13,261.00 "," 3,65,48,544.00 "," 1,16,68,278.00 "
33,Czechia," 45,90,019.00 "," 42,312.00 "," 45,38,304.00 "," 9,403.00 "," 5,68,93,223.00 "," 1,07,36,784.00 "
34,Canada," 45,50,256.00 "," 50,380.00 "," 44,44,013.00 "," 55,863.00 "," 6,63,43,123.00 "," 3,83,88,419.00 "
35,Peru," 44,81,621.00 "," 2,18,931.00 "," 42,58,688.00 "," 4,002.00 "," 3,77,54,603.00 "," 3,36,84,208.00 "
36,Switzerland," 43,85,701.00 "," 14,452.00 "," 43,66,770.00 "," 4,479.00 "," 2,33,18,743.00 "," 87,73,637.00 "
37,Philippines," 40,73,454.00 "," 65,802.00 "," 39,98,048.00 "," 9,604.00 "," 3,43,43,332.00 "," 11,25,08,994.00 "
38,South Africa," 40,55,966.00 "," 1,02,595.00 "," 39,12,506.00 "," 40,865.00 "," 2,64,73,049.00 "," 6,07,56,135.00 "
39,Romania," 33,25,006.00 "," 67,576.00 "," 32,52,104.00 "," 5,326.00 "," 2,63,89,988.00 "," 1,90,31,335.00 "
40,Denmark," 31,73,247.00 "," 8,145.00 "," 31,63,849.00 "," 1,253.00 "," 12,91,44,754.00 "," 58,34,950.00 "
41,Hong Kong," 28,77,280.00 "," 13,358.00 "," 25,09,483.00 "," 3,54,439.00 "," 7,61,23,870.00 "," 76,04,299.00 "
42,Sweden," 26,93,458.00 "," 23,246.00 "," 26,58,039.00 "," 12,173.00 "," 1,94,10,527.00 "," 1,02,18,971.00 "
43,Serbia," 24,71,198.00 "," 17,701.00 "," 24,40,527.00 "," 12,970.00 "," 1,21,54,486.00 "," 86,53,016.00 "
44,Iraq," 24,65,545.00 "," 25,375.00 "," 24,39,497.00 ", 673.00 ," 1,95,44,451.00 "," 4,21,64,965.00 "
45,Singapore," 22,17,110.00 "," 1,722.00 "," 21,44,490.00 "," 70,898.00 "," 2,47,56,666.00 "," 59,43,546.00 "
46,Hungary," 21,92,447.00 "," 48,677.00 "," 21,39,857.00 "," 3,913.00 "," 1,13,94,556.00 "," 96,06,259.00 "
47,New Zealand," 21,82,355.00 "," 3,781.00 "," 21,69,320.00 "," 9,254.00 "," 77,10,637.00 "," 48,98,203.00 "
48,Bangladesh," 20,37,556.00 "," 29,442.00 "," 19,92,694.00 "," 15,420.00 "," 1,52,47,014.00 "," 16,78,85,689.00 "
49,Slovakia," 18,60,893.00 "," 20,946.00 "," 18,39,309.00 ", 638.00 ," 73,90,781.00 "," 54,60,193.00 "
50,Georgia," 18,14,180.00 "," 16,926.00 "," 17,76,548.00 "," 20,706.00 "," 1,69,20,079.00 "," 39,68,738.00 "
51,Jordan," 17,46,997.00 "," 14,122.00 "," 17,31,007.00 "," 1,868.00 "," 1,72,01,885.00 "," 1,03,00,869.00 "
52,Ireland," 17,00,253.00 "," 8,462.00 "," 16,85,183.00 "," 6,608.00 "," 1,29,84,257.00 "," 50,20,199.00 "
53,Pakistan," 15,76,313.00 "," 30,640.00 "," 15,38,689.00 "," 6,984.00 "," 3,05,70,862.00 "," 22,94,88,994.00 "
54,Norway," 14,77,856.00 "," 5,112.00 "," 14,71,835.00 ", 909.00 ," 1,10,02,430.00 "," 55,11,370.00 "
55,Finland," 14,58,619.00 "," 8,639.00 "," 14,47,569.00 "," 2,411.00 "," 1,20,17,711.00 "," 55,54,960.00 "
56,Kazakhstan," 14,05,917.00 "," 13,695.00 "," 13,83,020.00 "," 9,202.00 "," 1,15,75,012.00 "," 1,92,05,043.00 "
57,Slovenia," 13,21,852.00 "," 7,056.00 "," 13,11,159.00 "," 3,637.00 "," 28,24,843.00 "," 20,78,034.00 "
58,Lithuania," 12,96,865.00 "," 9,545.00 "," 12,82,528.00 "," 4,792.00 "," 1,03,50,770.00 "," 26,61,708.00 "
59,Bulgaria," 12,95,426.00 "," 38,179.00 "," 12,54,491.00 "," 2,756.00 "," 1,09,87,749.00 "," 68,44,597.00 "
60,Morocco," 12,72,240.00 "," 16,296.00 "," 12,55,881.00 ", 63.00 ," 1,29,30,733.00 "," 3,77,72,756.00 "
61,Croatia," 12,67,580.00 "," 17,877.00 "," 12,49,168.00 ", 535.00 ," 54,76,183.00 "," 40,59,286.00 "
62,Lebanon," 12,28,639.00 "," 10,790.00 "," 10,87,587.00 "," 1,30,262.00 "," 47,95,578.00 "," 66,84,849.00 "
63,Guatemala," 12,27,853.00 "," 20,106.00 "," 12,04,545.00 "," 3,202.00 "," 67,57,892.00 "," 1,85,84,039.00 "
64,Bolivia," 11,87,986.00 "," 22,346.00 "," 11,46,143.00 "," 19,497.00 "," 27,05,422.00 "," 1,19,92,656.00 "
65,Costa Rica," 11,86,176.00 "," 9,158.00 "," 8,60,711.00 "," 3,16,307.00 "," 46,59,757.00 "," 51,82,354.00 "
66,Tunisia," 11,50,356.00 "," 29,308.00 ", N/A , N/A ," 49,97,373.00 "," 1,20,46,656.00 "
67,Cuba," 11,12,438.00 "," 8,530.00 "," 11,03,799.00 ", 109.00 ," 1,42,98,479.00 "," 1,13,05,652.00 "
68,Ecuador," 10,51,239.00 "," 35,942.00 "," 10,11,682.00 "," 3,615.00 "," 30,82,403.00 "," 1,81,13,361.00 "
69,UAE," 10,49,409.00 "," 2,348.00 "," 10,32,735.00 "," 14,326.00 "," 19,86,38,806.00 "," 1,00,81,785.00 "
70,Uruguay," 10,32,710.00 "," 7,609.00 "," 10,23,939.00 "," 1,162.00 "," 61,14,822.00 "," 34,96,016.00 "
71,Panama," 10,29,701.00 "," 8,596.00 "," 10,20,206.00 ", 899.00 ," 74,75,016.00 "," 44,46,964.00 "
72,Mongolia," 10,07,871.00 "," 2,179.00 "," 10,05,658.00 ", 34.00 ," 40,30,048.00 "," 33,78,078.00 "
73,Nepal," 10,01,102.00 "," 12,020.00 "," 9,89,064.00 ", 18.00 ," 60,03,944.00 "," 3,02,25,582.00 "
74,Belarus," 9,94,037.00 "," 7,118.00 "," 9,85,592.00 "," 1,327.00 "," 1,36,46,641.00 "," 94,32,800.00 "
75,Latvia," 9,75,355.00 "," 6,218.00 "," 9,68,830.00 ", 307.00 ," 78,58,319.00 "," 18,48,837.00 "
76,Saudi Arabia," 8,27,962.00 "," 9,574.00 "," 8,15,528.00 "," 2,860.00 "," 4,50,48,008.00 "," 3,58,44,909.00 "
77,Azerbaijan," 8,27,944.00 "," 10,085.00 "," 8,17,654.00 ", 205.00 ," 74,87,550.00 "," 1,03,00,205.00 "
78,Paraguay," 8,06,256.00 "," 19,820.00 ", N/A , N/A ," 26,57,506.00 "," 73,05,843.00 "
79,Bahrain," 7,00,452.00 "," 1,543.00 "," 6,98,400.00 ", 509.00 ," 1,06,82,444.00 "," 17,83,983.00 "
80,Sri Lanka," 6,71,989.00 "," 16,828.00 "," 6,55,158.00 ", 3.00 ," 64,86,117.00 "," 2,15,75,842.00 "
81,Kuwait," 6,62,858.00 "," 2,570.00 "," 6,60,237.00 ", 51.00 ," 84,55,743.00 "," 43,80,326.00 "
82,Dominican Republic," 6,60,095.00 "," 4,384.00 "," 6,44,785.00 "," 10,926.00 "," 37,40,928.00 "," 1,10,56,370.00 "
83,Cyprus," 6,42,663.00 "," 1,287.00 "," 6,33,422.00 "," 7,954.00 "," 96,40,118.00 "," 12,23,387.00 "
84,Myanmar," 6,33,820.00 "," 19,490.00 "," 6,14,299.00 ", 31.00 ," 99,41,945.00 "," 5,52,27,143.00 "
85,Palestine," 6,21,008.00 "," 5,404.00 "," 6,15,445.00 ", 159.00 ," 30,78,533.00 "," 53,45,541.00 "
86,Estonia," 6,13,891.00 "," 2,912.00 "," 5,24,990.00 "," 85,989.00 "," 36,59,157.00 "," 13,21,910.00 "
87,Moldova," 5,98,673.00 "," 11,953.00 "," 5,04,142.00 "," 82,578.00 "," 32,16,305.00 "," 40,13,171.00 "
88,Venezuela," 5,51,587.00 "," 5,845.00 "," 5,45,003.00 ", 739.00 ," 33,59,014.00 "," 2,92,66,991.00 "
89,Egypt," 5,15,645.00 "," 24,613.00 "," 4,42,182.00 "," 48,850.00 "," 36,93,367.00 "," 10,61,56,692.00 "
90,Libya," 5,07,162.00 "," 6,437.00 "," 5,00,721.00 ", 4.00 ," 24,83,446.00 "," 70,40,745.00 "
91,China," 5,03,302.00 "," 5,272.00 "," 3,79,053.00 "," 1,18,977.00 "," 16,00,00,000.00 ",
92,Ethiopia," 4,99,531.00 "," 7,572.00 "," 4,86,531.00 "," 5,428.00 "," 54,59,809.00 "," 12,08,12,698.00 "
93,Qatar," 4,92,534.00 ", 686.00 ," 4,91,585.00 ", 263.00 ," 40,65,369.00 "," 29,79,915.00 "
94,Réunion," 4,85,895.00 ", 919.00 ," 4,18,572.00 "," 66,404.00 "," 16,03,660.00 "," 9,08,061.00 "
95,Honduras," 4,70,757.00 "," 11,104.00 ", N/A , N/A ," 16,19,676.00 "," 1,02,21,247.00 "
96,Armenia," 4,46,008.00 "," 8,717.00 "," 4,35,162.00 "," 2,129.00 "," 32,42,901.00 "," 29,71,966.00 "
97,Bosnia and Herzegovina," 4,01,384.00 "," 16,255.00 "," 3,79,084.00 "," 6,045.00 "," 18,84,721.00 "," 32,49,317.00 "
98,Oman," 3,99,449.00 "," 4,628.00 "," 3,84,669.00 "," 10,152.00 "," 2,50,00,000.00 "," 53,23,993.00 "
99,North Macedonia," 3,46,428.00 "," 9,638.00 "," 3,36,623.00 ", 167.00 ," 22,16,193.00 "," 20,81,304.00 "
100,Kenya," 3,42,810.00 "," 5,688.00 "," 3,37,040.00 ", 82.00 ," 39,67,062.00 "," 5,62,15,221.00 "
101,Zambia," 3,40,763.00 "," 4,047.00 "," 3,35,104.00 "," 1,612.00 "," 38,65,993.00 "," 1,94,70,234.00 "
102,Albania," 3,34,167.00 "," 3,595.00 "," 3,28,951.00 "," 1,621.00 "," 19,41,032.00 "," 28,66,374.00 "
103,Botswana," 3,29,227.00 "," 2,800.00 "," 3,25,934.00 ", 493.00 ," 20,26,898.00 "," 24,41,162.00 "
104,Luxembourg," 2,97,757.00 "," 1,133.00 "," 2,88,991.00 "," 7,633.00 "," 44,12,567.00 "," 6,42,371.00 "
105,Montenegro," 2,86,355.00 "," 2,797.00 "," 2,83,210.00 ", 348.00 ," 26,97,814.00 "," 6,27,950.00 "
106,Brunei," 2,75,220.00 ", 225.00 ," 2,43,601.00 "," 31,394.00 "," 7,17,784.00 "," 4,45,431.00 "
107,Algeria," 2,71,378.00 "," 6,881.00 "," 1,82,749.00 "," 81,748.00 "," 2,30,861.00 "," 4,53,50,148.00 "
108,Nigeria," 2,66,463.00 "," 3,155.00 "," 2,59,850.00 "," 3,458.00 "," 57,08,974.00 "," 21,67,46,934.00 "
109,Zimbabwe," 2,61,606.00 "," 5,652.00 "," 2,54,951.00 "," 1,003.00 "," 25,25,756.00 "," 1,53,31,428.00 "
110,Uzbekistan," 2,50,567.00 "," 1,637.00 "," 2,41,486.00 "," 7,444.00 "," 13,77,915.00 "," 3,43,82,084.00 "
111,Mozambique," 2,31,994.00 "," 2,233.00 "," 2,28,805.00 ", 956.00 ," 13,71,127.00 "," 3,30,89,461.00 "
112,Martinique," 2,29,687.00 "," 1,097.00 ", N/A , N/A ," 8,28,928.00 "," 3,74,087.00 "
113,Laos," 2,17,973.00 ", 758.00 , N/A , N/A ," 12,33,207.00 "," 74,81,023.00 "
114,Iceland," 2,08,688.00 ", 229.00 , N/A , N/A ," 19,96,384.00 "," 3,45,393.00 "
115,Afghanistan," 2,08,545.00 "," 7,882.00 "," 1,86,088.00 "," 14,575.00 "," 11,88,898.00 "," 4,07,54,388.00 "
116,Kyrgyzstan," 2,06,592.00 "," 2,991.00 "," 1,96,406.00 "," 7,195.00 "," 19,07,195.00 "," 67,28,271.00 "
117,El Salvador," 2,01,785.00 "," 4,230.00 "," 1,79,410.00 "," 18,145.00 "," 26,10,114.00 "," 65,50,389.00 "
118,Guadeloupe," 2,01,394.00 "," 1,007.00 ", N/A , N/A ," 9,38,039.00 "," 3,99,794.00 "
119,Trinidad and Tobago," 1,87,908.00 "," 4,326.00 "," 1,83,264.00 ", 318.00 ," 8,88,936.00 "," 14,06,585.00 "
120,Maldives," 1,85,715.00 ", 311.00 ," 1,63,687.00 "," 21,717.00 "," 22,13,831.00 "," 5,40,985.00 "
121,Ghana," 1,71,112.00 "," 1,462.00 "," 1,69,636.00 ", 14.00 ," 25,27,319.00 "," 3,23,95,450.00 "
122,Namibia," 1,70,741.00 "," 4,088.00 "," 1,66,452.00 ", 201.00 ," 10,62,663.00 "," 26,33,874.00 "
123,Uganda," 1,70,400.00 "," 3,630.00 "," 1,00,431.00 "," 66,339.00 "," 30,12,408.00 "," 4,84,32,863.00 "
124,Jamaica," 1,53,407.00 "," 3,480.00 "," 1,02,212.00 "," 47,715.00 "," 11,83,986.00 "," 29,85,094.00 "
125,Cambodia," 1,38,693.00 "," 3,056.00 "," 1,35,624.00 ", 13.00 ," 30,91,420.00 "," 1,71,68,639.00 "
126,Rwanda," 1,33,090.00 "," 1,468.00 "," 1,31,559.00 ", 63.00 ," 59,59,042.00 "," 1,36,00,464.00 "
127,Cameroon," 1,23,993.00 "," 1,965.00 "," 1,18,616.00 "," 3,412.00 "," 17,51,774.00 "," 2,79,11,548.00 "
128,Malta," 1,17,062.00 ", 824.00 ," 1,15,623.00 ", 615.00 ," 21,09,235.00 "," 4,44,033.00 "
129,Barbados," 1,06,157.00 ", 571.00 ," 1,05,570.00 ", 16.00 ," 7,90,354.00 "," 2,88,023.00 "
130,Angola," 1,05,184.00 "," 1,931.00 "," 1,03,216.00 ", 37.00 ," 14,99,795.00 "," 3,50,27,343.00 "
131,Channel Islands," 1,01,116.00 ", 223.00 ," 1,00,778.00 ", 115.00 ," 12,52,808.00 "," 1,76,463.00 "
132,French Guiana," 98,028.00 ", 420.00 ," 11,254.00 "," 86,354.00 "," 6,51,257.00 "," 3,14,169.00 "
133,DRC," 95,514.00 "," 1,463.00 "," 84,264.00 "," 9,787.00 "," 8,46,704.00 "," 9,52,40,792.00 "
134,Senegal," 88,902.00 "," 1,971.00 "," 86,929.00 ", 2.00 ," 11,46,543.00 "," 1,76,53,671.00 "
135,Malawi," 88,559.00 "," 2,686.00 "," 85,369.00 ", 504.00 ," 6,24,784.00 "," 2,01,80,839.00 "
136,Ivory Coast," 87,982.00 ", 833.00 ," 87,138.00 ", 11.00 ," 16,71,684.00 "," 2,77,42,298.00 "
137,Suriname," 82,020.00 "," 1,398.00 ", N/A , N/A ," 2,39,603.00 "," 5,96,831.00 "
138,New Caledonia," 79,845.00 ", 314.00 ," 79,526.00 ", 5.00 ," 98,964.00 "," 2,90,915.00 "
139,French Polynesia," 77,957.00 ", 649.00 , N/A , N/A ,," 2,84,164.00 "
140,Eswatini," 74,133.00 "," 1,422.00 "," 72,676.00 ", 35.00 ," 10,48,704.00 "," 11,84,817.00 "
141,Guyana," 72,950.00 "," 1,294.00 "," 71,357.00 ", 299.00 ," 7,17,867.00 "," 7,94,045.00 "
142,Belize," 70,660.00 ", 688.00 ," 69,949.00 ", 23.00 ," 5,76,016.00 "," 4,12,190.00 "
143,Fiji," 68,820.00 ", 883.00 ," 66,780.00 "," 1,157.00 "," 6,67,715.00 "," 9,09,466.00 "
144,Madagascar," 67,827.00 "," 1,419.00 "," 66,370.00 ", 38.00 ," 5,24,209.00 "," 2,91,78,077.00 "
145,Sudan," 63,742.00 "," 5,001.00 "," 58,284.00 ", 457.00 ," 5,62,941.00 "," 4,59,92,020.00 "
146,Mauritania," 63,665.00 ", 997.00 ," 62,437.00 ", 231.00 ," 10,09,957.00 "," 49,01,981.00 "
147,Cabo Verde," 63,229.00 ", 413.00 ," 62,756.00 ", 60.00 ," 4,01,622.00 "," 5,67,678.00 "
148,Bhutan," 62,605.00 ", 21.00 ," 61,564.00 "," 1,020.00 "," 23,03,734.00 "," 7,87,941.00 "
149,Syria," 57,453.00 "," 3,164.00 "," 54,289.00 ", -   ," 1,46,269.00 "," 1,93,64,809.00 "
150,Burundi," 53,492.00 ", 38.00 ," 53,394.00 ", 60.00 ," 3,45,742.00 "," 1,26,24,840.00 "
151,Seychelles," 50,665.00 ", 172.00 ," 50,440.00 ", 53.00 ,," 99,426.00 "
152,Gabon," 48,981.00 ", 306.00 ," 48,674.00 ", 1.00 ," 16,21,909.00 "," 23,31,533.00 "
153,Andorra," 47,839.00 ", 165.00 ," 47,563.00 ", 111.00 ," 2,49,838.00 "," 77,463.00 "
154,Papua New Guinea," 46,750.00 ", 670.00 ," 43,982.00 "," 2,098.00 "," 2,49,149.00 "," 92,92,169.00 "
155,Curaçao," 45,986.00 ", 295.00 ," 44,720.00 ", 971.00 ," 4,96,693.00 "," 1,65,529.00 "
156,Aruba," 43,993.00 ", 236.00 ," 42,438.00 "," 1,319.00 "," 1,77,885.00 "," 1,07,609.00 "
157,Tanzania," 42,664.00 ", 846.00 , N/A , N/A ,," 6,32,98,550.00 "
158,Mayotte," 42,002.00 ", 188.00 , N/A , N/A ," 1,76,919.00 "," 2,86,259.00 "
159,Mauritius," 41,652.00 "," 1,043.00 "," 39,943.00 ", 666.00 ," 3,58,675.00 "," 12,74,727.00 "
160,Togo," 39,354.00 ", 290.00 ," 39,061.00 ", 3.00 ," 8,06,803.00 "," 86,80,837.00 "
161,Guinea," 38,240.00 ", 467.00 ," 37,757.00 ", 16.00 ," 6,60,107.00 "," 1,38,65,691.00 "
162,Isle of Man," 38,008.00 ", 116.00 , N/A , N/A ," 1,50,753.00 "," 85,732.00 "
163,Bahamas," 37,491.00 ", 833.00 ," 36,366.00 ", 292.00 ," 2,57,839.00 "," 4,00,516.00 "
164,Lesotho," 34,790.00 ", 723.00 ," 25,980.00 "," 8,087.00 "," 4,31,221.00 "," 21,75,699.00 "
165,Faeroe Islands," 34,658.00 ", 28.00 , N/A , N/A ," 7,78,000.00 "," 49,233.00 "
166,Haiti," 34,076.00 ", 860.00 ," 33,033.00 ", 183.00 ," 1,32,422.00 "," 1,16,80,283.00 "
167,Mali," 32,783.00 ", 743.00 ," 31,957.00 ", 83.00 ," 7,89,342.00 "," 2,14,73,764.00 "
168,Cayman Islands," 31,472.00 ", 37.00 ," 8,553.00 "," 22,882.00 "," 2,22,773.00 "," 67,277.00 "
169,Saint Lucia," 29,803.00 ", 409.00 ," 29,095.00 ", 299.00 ," 2,10,983.00 "," 1,85,113.00 "
170,Benin," 27,989.00 ", 163.00 ," 27,823.00 ", 3.00 ," 6,04,310.00 "," 1,27,84,726.00 "
171,Somalia," 27,318.00 "," 1,361.00 "," 13,182.00 "," 12,775.00 "," 4,00,466.00 "," 1,68,41,795.00 "
172,Congo," 25,375.00 ", 386.00 ," 24,006.00 ", 983.00 ," 3,47,815.00 "," 57,97,805.00 "
173,Solomon Islands," 24,575.00 ", 153.00 , N/A , N/A ,," 7,21,159.00 "
174,San Marino," 23,427.00 ", 122.00 ," 23,276.00 ", 29.00 ," 1,57,634.00 "," 34,085.00 "
175,Timor-Leste," 23,415.00 ", 138.00 ," 23,102.00 ", 175.00 ," 2,78,529.00 "," 13,69,429.00 "
176,Micronesia," 22,676.00 ", 58.00 , N/A , N/A ," 54,967.00 "," 1,17,489.00 "
177,Burkina Faso," 22,025.00 ", 396.00 ," 21,596.00 ", 33.00 ," 2,48,995.00 "," 2,21,02,838.00 "
178,Liechtenstein," 21,340.00 ", 89.00 ," 21,237.00 ", 14.00 ," 1,12,457.00 "," 38,387.00 "
179,Gibraltar," 20,399.00 ", 111.00 ," 16,579.00 "," 3,709.00 "," 5,34,283.00 "," 33,704.00 "
180,Grenada," 19,680.00 ", 238.00 ," 19,358.00 ", 84.00 ," 1,82,981.00 "," 1,13,475.00 "
181,Bermuda," 18,766.00 ", 157.00 ," 18,593.00 ", 16.00 ," 10,24,947.00 "," 61,939.00 "
182,Nicaragua," 18,491.00 ", 225.00 ," 4,225.00 "," 14,041.00 ",," 67,79,100.00 "
183,South Sudan," 18,368.00 ", 138.00 ," 18,115.00 ", 115.00 ," 4,10,280.00 "," 1,16,18,511.00 "
184,Tajikistan," 17,786.00 ", 125.00 ," 17,264.00 ", 397.00 ,," 99,57,464.00 "
185,Equatorial Guinea," 17,190.00 ", 183.00 ," 16,883.00 ", 124.00 ," 3,65,697.00 "," 14,96,662.00 "
186,Tonga," 16,734.00 ", 13.00 ," 15,638.00 "," 1,083.00 "," 5,35,009.00 "," 1,07,749.00 "
187,Samoa," 16,087.00 ", 29.00 ," 1,605.00 "," 14,453.00 "," 1,87,397.00 "," 2,02,239.00 "
188,Monaco," 16,056.00 ", 65.00 ," 15,982.00 ", 9.00 ," 78,646.00 "," 39,783.00 "
189,Dominica," 15,760.00 ", 74.00 ," 15,673.00 ", 13.00 ," 2,29,344.00 "," 72,344.00 "
190,Djibouti," 15,690.00 ", 189.00 ," 15,427.00 ", 74.00 ," 3,05,941.00 "," 10,16,097.00 "
191,Marshall Islands," 15,584.00 ", 17.00 ," 15,528.00 ", 39.00 ,," 60,057.00 "
192,CAR," 15,368.00 ", 113.00 ," 15,200.00 ", 55.00 ," 81,294.00 "," 50,16,678.00 "
193,Gambia," 12,586.00 ", 372.00 ," 12,189.00 ", 25.00 ," 1,55,686.00 "," 25,58,482.00 "
194,Saint Martin," 12,233.00 ", 63.00 ," 1,399.00 "," 10,771.00 "," 1,12,382.00 "," 39,730.00 "
195,Vanuatu," 12,014.00 ", 14.00 ," 11,976.00 ", 24.00 ," 24,976.00 "," 3,21,832.00 "
196,Greenland," 11,971.00 ", 21.00 ," 2,761.00 "," 9,189.00 "," 1,64,926.00 "," 56,973.00 "
197,Yemen," 11,945.00 "," 2,159.00 "," 9,124.00 ", 662.00 ," 3,29,592.00 "," 3,11,54,867.00 "
198,Caribbean Netherlands," 11,661.00 ", 38.00 ," 10,476.00 "," 1,147.00 "," 30,126.00 "," 26,647.00 "
199,Sint Maarten," 11,010.00 ", 89.00 ," 10,905.00 ", 16.00 ," 62,056.00 "," 43,966.00 "
200,Eritrea," 10,189.00 ", 103.00 ," 10,086.00 ", -   ," 23,693.00 "," 36,62,244.00 "
201,Niger," 9,931.00 ", 312.00 ," 8,890.00 ", 729.00 ," 2,54,538.00 "," 2,60,83,660.00 "
202,St. Vincent Grenadines," 9,585.00 ", 123.00 ," 9,454.00 ", 8.00 ," 1,13,504.00 "," 1,11,551.00 "
203,Antigua and Barbuda," 9,106.00 ", 146.00 ," 8,954.00 ", 6.00 ," 18,901.00 "," 99,509.00 "
204,Comoros," 8,992.00 ", 161.00 ," 8,827.00 ", 4.00 ,," 9,07,419.00 "
205,Guinea-Bissau," 8,947.00 ", 176.00 ," 8,656.00 ", 115.00 ," 1,45,231.00 "," 20,63,367.00 "
206,Liberia," 8,062.00 ", 294.00 ," 7,766.00 ", 2.00 ," 1,39,824.00 "," 53,05,117.00 "
207,Sierra Leone," 7,760.00 ", 126.00 , N/A , N/A ," 2,59,958.00 "," 83,06,436.00 "
208,Chad," 7,652.00 ", 194.00 ," 4,874.00 "," 2,584.00 "," 1,91,341.00 "," 1,74,13,580.00 "
209,British Virgin Islands," 7,305.00 ", 64.00 , N/A , N/A ," 1,07,339.00 "," 30,596.00 "
210,Cook Islands," 7,011.00 ", 2.00 ," 6,993.00 ", 16.00 ," 19,690.00 "," 17,571.00 "
211,Saint Kitts and Nevis," 6,592.00 ", 46.00 ," 6,537.00 ", 9.00 ," 1,26,903.00 "," 53,871.00 "
212,Turks and Caicos," 6,522.00 ", 38.00 ," 6,451.00 ", 33.00 ," 6,11,527.00 "," 39,741.00 "
213,Sao Tome and Principe," 6,280.00 ", 77.00 ," 6,202.00 ", 1.00 ," 29,036.00 "," 2,27,679.00 "
214,Palau," 5,986.00 ", 9.00 ," 5,976.00 ", 1.00 ," 68,820.00 "," 18,233.00 "
215,St. Barth," 5,420.00 ", 6.00 , N/A , N/A ," 78,646.00 "," 9,945.00 "
216,Kiribati," 5,008.00 ", 18.00 ," 2,703.00 "," 2,287.00 ",," 1,23,419.00 "
217,Nauru," 4,621.00 ", 1.00 ," 4,609.00 ", 11.00 ," 20,509.00 "," 10,903.00 "
218,Anguilla," 3,904.00 ", 12.00 ," 3,879.00 ", 13.00 ," 51,382.00 "," 15,230.00 "
219,Macao," 3,488.00 ", 120.00 ," 3,357.00 ", 11.00 ," 7,850.00 "," 6,67,490.00 "
220,Saint Pierre Miquelon," 3,452.00 ", 2.00 ," 2,449.00 "," 1,001.00 "," 25,400.00 "," 5,759.00 "
221,Wallis and Futuna," 3,427.00 ", 7.00 , 438.00 ," 2,982.00 "," 20,508.00 "," 10,982.00 "
222,Tuvalu," 2,805.00 ",,," 2,805.00 ",," 12,066.00 "
223,Saint Helena," 2,166.00 ",, 2.00 ," 2,164.00 ",," 6,115.00 "
224,Falkland Islands," 1,930.00 ",," 1,930.00 ", -   ," 8,632.00 "," 3,539.00 "
225,Montserrat," 1,403.00 ", 8.00 ," 1,376.00 ", 19.00 ," 17,762.00 "," 4,965.00 "
226,Niue, 747.00 ,, 746.00 , 1.00 ,," 1,622.00 "
227,Diamond Princess, 712.00 , 13.00 , 699.00 , -   ,,
228,Vatican City, 29.00 ,, 29.00 , -   ,, 799.00 
229,Western Sahara, 10.00 , 1.00 , 9.00 , -   ,," 6,26,161.00 "
230,MS Zaandam, 9.00 , 2.00 , 7.00 , -   ,,
231,Tokelau, 5.00 ,,, 5.00 ,," 1,378.00 "
